DORK,URL,NUMBER OF RESULTS
access_key,https://github.com/search?q=posomielmiel.es+access_key&type=Code,1
.mlab.com password,https://github.com/search?q=posomielmiel.es+.mlab.com+password&type=Code,0
WFClient Password extension:ica,https://github.com/search?q=posomielmiel.es+WFClient+Password+extension%3Aica&type=Code,0
application_key,https://github.com/search?q=posomielmiel.es+application_key&type=Code,0
appsecret,https://github.com/search?q=posomielmiel.es+appsecret&type=Code,0
appspot,https://github.com/search?q=posomielmiel.es+appspot&type=Code,0
cache_s3_secret_key,https://github.com/search?q=posomielmiel.es+cache_s3_secret_key&type=Code,0
cattle_access_key,https://github.com/search?q=posomielmiel.es+cattle_access_key&type=Code,0
db_username,https://github.com/search?q=posomielmiel.es+db_username&type=Code,0
dbpasswd,https://github.com/search?q=posomielmiel.es+dbpasswd&type=Code,0
dbpassword,https://github.com/search?q=posomielmiel.es+dbpassword&type=Code,0
dbuser,https://github.com/search?q=posomielmiel.es+dbuser&type=Code,0
deploy_password,https://github.com/search?q=posomielmiel.es+deploy_password&type=Code,0
digitalocean_ssh_key_body,https://github.com/search?q=posomielmiel.es+digitalocean_ssh_key_body&type=Code,0
digitalocean_ssh_key_ids,https://github.com/search?q=posomielmiel.es+digitalocean_ssh_key_ids&type=Code,0
docker_hub_password,https://github.com/search?q=posomielmiel.es+docker_hub_password&type=Code,0
docker_key,https://github.com/search?q=posomielmiel.es+docker_key&type=Code,0
docker_pass,https://github.com/search?q=posomielmiel.es+docker_pass&type=Code,0
docker_passwd,https://github.com/search?q=posomielmiel.es+docker_passwd&type=Code,0
docker_password,https://github.com/search?q=posomielmiel.es+docker_password&type=Code,0
dockerhub_password,https://github.com/search?q=posomielmiel.es+dockerhub_password&type=Code,0
dockerhubpassword,https://github.com/search?q=posomielmiel.es+dockerhubpassword&type=Code,0
dot-files,https://github.com/search?q=posomielmiel.es+dot-files&type=Code,0
extension:cfg,https://github.com/search?q=posomielmiel.es+extension%3Acfg&type=Code,0
extension:dbeaver-data-sources.xml,https://github.com/search?q=posomielmiel.es+extension%3Adbeaver-data-sources.xml&type=Code,0
extension:env,https://github.com/search?q=posomielmiel.es+extension%3Aenv&type=Code,0
extension:exs,https://github.com/search?q=posomielmiel.es+extension%3Aexs&type=Code,0
extension:ini,https://github.com/search?q=posomielmiel.es+extension%3Aini&type=Code,0
extension:json api.forecast.io,https://github.com/search?q=posomielmiel.es+extension%3Ajson+api.forecast.io&type=Code,0
extension:json googleusercontent client_secret,https://github.com/search?q=posomielmiel.es+extension%3Ajson+googleusercontent+client_secret&type=Code,0
extension:json mongolab.com,https://github.com/search?q=posomielmiel.es+extension%3Ajson+mongolab.com&type=Code,0
extension:pem,https://github.com/search?q=posomielmiel.es+extension%3Apem&type=Code,0
extension:pem private,https://github.com/search?q=posomielmiel.es+extension%3Apem+private&type=Code,0
extension:ppk,https://github.com/search?q=posomielmiel.es+extension%3Appk&type=Code,0
extension:ppk private,https://github.com/search?q=posomielmiel.es+extension%3Appk+private&type=Code,0
extension:properties,https://github.com/search?q=posomielmiel.es+extension%3Aproperties&type=Code,0
extension:sh,https://github.com/search?q=posomielmiel.es+extension%3Ash&type=Code,0
extension:sls,https://github.com/search?q=posomielmiel.es+extension%3Asls&type=Code,0
extension:sql,https://github.com/search?q=posomielmiel.es+extension%3Asql&type=Code,0
extension:sql mysql dump,https://github.com/search?q=posomielmiel.es+extension%3Asql+mysql+dump&type=Code,0
extension:sql mysql dump password,https://github.com/search?q=posomielmiel.es+extension%3Asql+mysql+dump+password&type=Code,0
extension:yaml mongolab.com,https://github.com/search?q=posomielmiel.es+extension%3Ayaml+mongolab.com&type=Code,0
extension:zsh,https://github.com/search?q=posomielmiel.es+extension%3Azsh&type=Code,0
filename:.dockercfg auth,https://github.com/search?q=posomielmiel.es+filename%3A.dockercfg+auth&type=Code,0
filename:.env DB_USERNAME NOT homestead,https://github.com/search?q=posomielmiel.es+filename%3A.env+DB_USERNAME+NOT+homestead&type=Code,0
filename:.env MAIL_HOSTsmtp.gmail.com,https://github.com/search?q=posomielmiel.es+filename%3A.env+MAIL_HOSTsmtp.gmail.com&type=Code,0
filename:.esmtprc password,https://github.com/search?q=posomielmiel.es+filename%3A.esmtprc+password&type=Code,0
filename:.ftpconfig,https://github.com/search?q=posomielmiel.es+filename%3A.ftpconfig&type=Code,0
filename:.git-credentials,https://github.com/search?q=posomielmiel.es+filename%3A.git-credentials&type=Code,0
filename:.history,https://github.com/search?q=posomielmiel.es+filename%3A.history&type=Code,0
filename:.htpasswd,https://github.com/search?q=posomielmiel.es+filename%3A.htpasswd&type=Code,0
filename:.netrc password,https://github.com/search?q=posomielmiel.es+filename%3A.netrc+password&type=Code,0
filename:.npmrc _auth,https://github.com/search?q=posomielmiel.es+filename%3A.npmrc+_auth&type=Code,0
filename:constants,https://github.com/search?q=posomielmiel.es+filename%3Aconstants&type=Code,0
filename:credentials,https://github.com/search?q=posomielmiel.es+filename%3Acredentials&type=Code,0
filename:credentials aws_access_key_id,https://github.com/search?q=posomielmiel.es+filename%3Acredentials+aws_access_key_id&type=Code,0
filename:cshrc,https://github.com/search?q=posomielmiel.es+filename%3Acshrc&type=Code,0
filename:database,https://github.com/search?q=posomielmiel.es+filename%3Adatabase&type=Code,0
filename:dbeaver-data-sources.xml,https://github.com/search?q=posomielmiel.es+filename%3Adbeaver-data-sources.xml&type=Code,0
filename:deploy.rake,https://github.com/search?q=posomielmiel.es+filename%3Adeploy.rake&type=Code,0
filename:deployment-config.json,https://github.com/search?q=posomielmiel.es+filename%3Adeployment-config.json&type=Code,0
filename:dhcpd.conf,https://github.com/search?q=posomielmiel.es+filename%3Adhcpd.conf&type=Code,0
filename:dockercfg,https://github.com/search?q=posomielmiel.es+filename%3Adockercfg&type=Code,0
filename:env,https://github.com/search?q=posomielmiel.es+filename%3Aenv&type=Code,0
filename:environment,https://github.com/search?q=posomielmiel.es+filename%3Aenvironment&type=Code,0
filename:express.conf,https://github.com/search?q=posomielmiel.es+filename%3Aexpress.conf&type=Code,0
filename:express.conf path:.openshift,https://github.com/search?q=posomielmiel.es+filename%3Aexpress.conf+path%3A.openshift&type=Code,0
filename:filezilla.xml,https://github.com/search?q=posomielmiel.es+filename%3Afilezilla.xml&type=Code,0
filename:filezilla.xml Pass,https://github.com/search?q=posomielmiel.es+filename%3Afilezilla.xml+Pass&type=Code,0
filename:git-credentials,https://github.com/search?q=posomielmiel.es+filename%3Agit-credentials&type=Code,0
filename:gitconfig,https://github.com/search?q=posomielmiel.es+filename%3Agitconfig&type=Code,0
filename:global,https://github.com/search?q=posomielmiel.es+filename%3Aglobal&type=Code,0
filename:history,https://github.com/search?q=posomielmiel.es+filename%3Ahistory&type=Code,0
filename:htpasswd,https://github.com/search?q=posomielmiel.es+filename%3Ahtpasswd&type=Code,0
filename:hub oauth_token,https://github.com/search?q=posomielmiel.es+filename%3Ahub+oauth_token&type=Code,0
filename:id_dsa,https://github.com/search?q=posomielmiel.es+filename%3Aid_dsa&type=Code,0
filename:id_rsa,https://github.com/search?q=posomielmiel.es+filename%3Aid_rsa&type=Code,0
filename:id_rsa or filename:id_dsa,https://github.com/search?q=posomielmiel.es+filename%3Aid_rsa+or+filename%3Aid_dsa&type=Code,0
filename:idea14.key,https://github.com/search?q=posomielmiel.es+filename%3Aidea14.key&type=Code,0
filename:known_hosts,https://github.com/search?q=posomielmiel.es+filename%3Aknown_hosts&type=Code,0
filename:logins.json,https://github.com/search?q=posomielmiel.es+filename%3Alogins.json&type=Code,0
filename:makefile,https://github.com/search?q=posomielmiel.es+filename%3Amakefile&type=Code,0
filename:master.key path:config,https://github.com/search?q=posomielmiel.es+filename%3Amaster.key+path%3Aconfig&type=Code,0
filename:netrc,https://github.com/search?q=posomielmiel.es+filename%3Anetrc&type=Code,0
filename:npmrc,https://github.com/search?q=posomielmiel.es+filename%3Anpmrc&type=Code,0
filename:pass,https://github.com/search?q=posomielmiel.es+filename%3Apass&type=Code,0
filename:passwd path:etc,https://github.com/search?q=posomielmiel.es+filename%3Apasswd+path%3Aetc&type=Code,0
filename:pgpass,https://github.com/search?q=posomielmiel.es+filename%3Apgpass&type=Code,0
filename:prod.exs,https://github.com/search?q=posomielmiel.es+filename%3Aprod.exs&type=Code,0
filename:prod.exs NOT prod.secret.exs,https://github.com/search?q=posomielmiel.es+filename%3Aprod.exs+NOT+prod.secret.exs&type=Code,0
filename:prod.secret.exs,https://github.com/search?q=posomielmiel.es+filename%3Aprod.secret.exs&type=Code,0
filename:proftpdpasswd,https://github.com/search?q=posomielmiel.es+filename%3Aproftpdpasswd&type=Code,0
filename:recentservers.xml,https://github.com/search?q=posomielmiel.es+filename%3Arecentservers.xml&type=Code,0
filename:recentservers.xml Pass,https://github.com/search?q=posomielmiel.es+filename%3Arecentservers.xml+Pass&type=Code,0
filename:robomongo.json,https://github.com/search?q=posomielmiel.es+filename%3Arobomongo.json&type=Code,0
filename:s3cfg,https://github.com/search?q=posomielmiel.es+filename%3As3cfg&type=Code,0
filename:secrets.yml password,https://github.com/search?q=posomielmiel.es+filename%3Asecrets.yml+password&type=Code,0
filename:server.cfg,https://github.com/search?q=posomielmiel.es+filename%3Aserver.cfg&type=Code,0
filename:server.cfg rcon password,https://github.com/search?q=posomielmiel.es+filename%3Aserver.cfg+rcon+password&type=Code,0
filename:settings,https://github.com/search?q=posomielmiel.es+filename%3Asettings&type=Code,0
filename:settings.py SECRET_KEY,https://github.com/search?q=posomielmiel.es+filename%3Asettings.py+SECRET_KEY&type=Code,0
filename:sftp-config.json,https://github.com/search?q=posomielmiel.es+filename%3Asftp-config.json&type=Code,0
filename:sftp.json path:.vscode,https://github.com/search?q=posomielmiel.es+filename%3Asftp.json+path%3A.vscode&type=Code,0
filename:wp-config.php,https://github.com/search?q=posomielmiel.es+filename%3Awp-config.php&type=Code,0
filename:zhrc,https://github.com/search?q=posomielmiel.es+filename%3Azhrc&type=Code,0
firebase,https://github.com/search?q=posomielmiel.es+firebase&type=Code,0
flickr_api_key,https://github.com/search?q=posomielmiel.es+flickr_api_key&type=Code,0
fossa_api_key,https://github.com/search?q=posomielmiel.es+fossa_api_key&type=Code,0
ftp,https://github.com/search?q=posomielmiel.es+ftp&type=Code,0
ftp_password,https://github.com/search?q=posomielmiel.es+ftp_password&type=Code,0
gatsby_wordpress_base_url,https://github.com/search?q=posomielmiel.es+gatsby_wordpress_base_url&type=Code,0
gatsby_wordpress_client_id,https://github.com/search?q=posomielmiel.es+gatsby_wordpress_client_id&type=Code,0
HEROKU_API_KEY language:json,https://github.com/search?q=posomielmiel.es+HEROKU_API_KEY+language%3Ajson&type=Code,0
HEROKU_API_KEY language:shell,https://github.com/search?q=posomielmiel.es+HEROKU_API_KEY+language%3Ashell&type=Code,0
heroku_oauth,https://github.com/search?q=posomielmiel.es+heroku_oauth&type=Code,0
heroku_oauth_secret,https://github.com/search?q=posomielmiel.es+heroku_oauth_secret&type=Code,0
heroku_oauth_token,https://github.com/search?q=posomielmiel.es+heroku_oauth_token&type=Code,0
heroku_secret,https://github.com/search?q=posomielmiel.es+heroku_secret&type=Code,0
heroku_secret_token,https://github.com/search?q=posomielmiel.es+heroku_secret_token&type=Code,0
herokuapp,https://github.com/search?q=posomielmiel.es+herokuapp&type=Code,0
HOMEBREW_GITHUB_API_TOKEN language:shell,https://github.com/search?q=posomielmiel.es+HOMEBREW_GITHUB_API_TOKEN+language%3Ashell&type=Code,0
htaccess_pass,https://github.com/search?q=posomielmiel.es+htaccess_pass&type=Code,0
htaccess_user,https://github.com/search?q=posomielmiel.es+htaccess_user&type=Code,0
incident_channel_name,https://github.com/search?q=posomielmiel.es+incident_channel_name&type=Code,0
internal,https://github.com/search?q=posomielmiel.es+internal&type=Code,0
irc_pass,https://github.com/search?q=posomielmiel.es+irc_pass&type=Code,0
JEKYLL_GITHUB_TOKEN,https://github.com/search?q=posomielmiel.es+JEKYLL_GITHUB_TOKEN&type=Code,0
ldap_username,https://github.com/search?q=posomielmiel.es+ldap_username&type=Code,0
linux_signing_key,https://github.com/search?q=posomielmiel.es+linux_signing_key&type=Code,0
ll_shared_key,https://github.com/search?q=posomielmiel.es+ll_shared_key&type=Code,0
location_protocol,https://github.com/search?q=posomielmiel.es+location_protocol&type=Code,0
log_channel,https://github.com/search?q=posomielmiel.es+log_channel&type=Code,0
login,https://github.com/search?q=posomielmiel.es+login&type=Code,0
lottie_happo_api_key,https://github.com/search?q=posomielmiel.es+lottie_happo_api_key&type=Code,0
lottie_happo_secret_key,https://github.com/search?q=posomielmiel.es+lottie_happo_secret_key&type=Code,0
lottie_s3_api_key,https://github.com/search?q=posomielmiel.es+lottie_s3_api_key&type=Code,0
mh_password,https://github.com/search?q=posomielmiel.es+mh_password&type=Code,0
mile_zero_key,https://github.com/search?q=posomielmiel.es+mile_zero_key&type=Code,0
minio_access_key,https://github.com/search?q=posomielmiel.es+minio_access_key&type=Code,0
minio_secret_key,https://github.com/search?q=posomielmiel.es+minio_secret_key&type=Code,0
mix_pusher_app_cluster,https://github.com/search?q=posomielmiel.es+mix_pusher_app_cluster&type=Code,0
mix_pusher_app_key,https://github.com/search?q=posomielmiel.es+mix_pusher_app_key&type=Code,0
msg nickserv identify filename:config,https://github.com/search?q=posomielmiel.es+msg+nickserv+identify+filename%3Aconfig&type=Code,0
mydotfiles,https://github.com/search?q=posomielmiel.es+mydotfiles&type=Code,0
omise_key,https://github.com/search?q=posomielmiel.es+omise_key&type=Code,0
private -language:java,https://github.com/search?q=posomielmiel.es+private+-language%3Ajava&type=Code,0
private_key,https://github.com/search?q=posomielmiel.es+private_key&type=Code,0
private_signing_password,https://github.com/search?q=posomielmiel.es+private_signing_password&type=Code,0
prod,https://github.com/search?q=posomielmiel.es+prod&type=Code,0
prod_password,https://github.com/search?q=posomielmiel.es+prod_password&type=Code,0
prod.access.key.id,https://github.com/search?q=posomielmiel.es+prod.access.key.id&type=Code,0
prod.secret.key,https://github.com/search?q=posomielmiel.es+prod.secret.key&type=Code,0
PT_TOKEN language:bash,https://github.com/search?q=posomielmiel.es+PT_TOKEN+language%3Abash&type=Code,0
salesforce_password,https://github.com/search?q=posomielmiel.es+salesforce_password&type=Code,0
shodan_api_key language:python,https://github.com/search?q=posomielmiel.es+shodan_api_key+language%3Apython&type=Code,0
sid_token,https://github.com/search?q=posomielmiel.es+sid_token&type=Code,0
signing_key_password,https://github.com/search?q=posomielmiel.es+signing_key_password&type=Code,0
storePassword,https://github.com/search?q=posomielmiel.es+storePassword&type=Code,0
stormpath_api_key_id,https://github.com/search?q=posomielmiel.es+stormpath_api_key_id&type=Code,0
stormpath_api_key_secret,https://github.com/search?q=posomielmiel.es+stormpath_api_key_secret&type=Code,0
strip_key,https://github.com/search?q=posomielmiel.es+strip_key&type=Code,0
strip_secret_key,https://github.com/search?q=posomielmiel.es+strip_secret_key&type=Code,0
stripe,https://github.com/search?q=posomielmiel.es+stripe&type=Code,0
stripe_key,https://github.com/search?q=posomielmiel.es+stripe_key&type=Code,0
stripe_secret,https://github.com/search?q=posomielmiel.es+stripe_secret&type=Code,0
stripToken,https://github.com/search?q=posomielmiel.es+stripToken&type=Code,0
svn_pass,https://github.com/search?q=posomielmiel.es+svn_pass&type=Code,0
twitterKey,https://github.com/search?q=posomielmiel.es+twitterKey&type=Code,0
x-api-key,https://github.com/search?q=posomielmiel.es+x-api-key&type=Code,0